,Unnamed: 0,PPV,Source,odds_ratio,p_value,perc_hits,type,BH_Adjusted_p_value,Number_Drugbank_Approved,Example_Drugbank_Approved
0,C12CCCCC1C3C(CCC3)CC2,0.35294117647058826,1,0.7012987012987013,0.8254202650543838,3.4482758620689653,ACTIVE,0.963596344667012,120,C[C@@H]1C[C@H]2[C@@H]3CCC4=CC(=O)C=C[C@]4(C)[C@@]3(F)[C@@H](O)C[C@]2(C)[C@@]1(O)C(=O)COC(=O)c1cccc(S(=O)(=O)O)c1
1,NN,1.0,1,inf,1.4863150037132446e-05,7.471264367816093,ACTIVE,0.0009846836899600243,37,CCCCCCC(=O)O[C@H]1CC[C@H]2[C@@H]3CCC4=CC(=NNC(=O)C(O)(c5ccccc5)c5ccccc5)CC[C@]4(C)[C@H]3CC[C@]12C
2,a[C!R]C(=O)[OH],0.9166666666666666,1,15.251533742331288,0.0006321274182821177,6.321839080459771,ACTIVE,0.01675137658447612,27,O=C(O)C(O)c1ccccc1
3,[#6]S(=O)(=O)N[#6],0.7058823529411765,1,3.2888888888888888,0.01974107969931541,6.896551724137932,ACTIVE,0.20120715847379167,89,CC(=O)N(c1onc(C)c1C)S(=O)(=O)c1ccc(N)cc1
4,c1ccccc1[NH2],0.8571428571428571,1,8.071428571428571,0.028254275541412605,3.4482758620689653,ACTIVE,0.2423939937626385,62,Nc1ccc(N)cc1
5,O = [S;X3],0.4305555555555556,1,0.8754813863928113,0.7162925505596994,89.08045977011494,ACTIVE,0.8511996677054724,1906,NC(=O)OC[C@H](N)Cc1ccccc1
6,[S;X2&!R],0.5,1,1.3154761904761905,0.42686832016393,3.4482758620689653,ACTIVE,0.5398475641879429,100,Cn1nnnc1SCC1=C(C(=O)O)N2C(=O)[C@@H](NC(=O)[C@H](OC=O)c3ccccc3)[C@H]2SC1
7,a[C!R](=O)a,0.9166666666666666,1,15.251533742331288,0.0006321274182821177,6.321839080459771,ACTIVE,0.01675137658447612,25,CC(C)(Oc1ccc(C(=O)c2ccc(Cl)cc2)cc1)C(=O)O
8,"C[F,Cl,Br,I]",0.5652173913043478,1,1.7521739130434784,0.13763475645996642,7.471264367816093,ACTIVE,0.2942728238573546,182,C[C@@H]1C[C@H]2[C@@H]3CCC4=CC(=O)C=C[C@]4(C)[C@@]3(F)[C@@H](O)C[C@]2(C)[C@@]1(O)C(=O)COC(=O)c1cccc(S(=O)(=O)O)c1
9,C1CC1N,0.8,1,5.317647058823528,0.1142561489538409,2.2988505747126435,ACTIVE,0.2942728238573546,15,CC(C)(C)[C@@H]1NC(=O)O[C@@H]2CCC[C@H]2OC/C=C/C(F)(F)c2nc3ccccc3nc2O[C@@H]2C[C@@H](C(=O)N[C@]3(C(=O)NS(=O)(=O)C4(C)CC4)C[C@H]3C(F)F)N(C2)C1=O
10,[O]c1ccc([N])cc1,0.6666666666666666,1,2.6666666666666665,0.13935745363147334,3.4482758620689653,ACTIVE,0.2942728238573546,37,CN(C(=O)C(Cl)Cl)c1ccc(OC(=O)c2ccco2)cc1
11,N1c2ccccc2Sc2ccccc12,1.0,1,inf,0.18766832917695445,1.1494252873563218,ACTIVE,0.2942728238573546,23,CCCC(=O)c1ccc2c(c1)N(CCCN1CCN(C)CC1)c1ccccc1S2
12,N(-C-C(-O)-c1:c:c:c:c:c:1)-C-C-C-C,1.0,3,inf,0.4339152119699313,0.5747126436781609,ACTIVE,0.5398475641879429,11,OC(c1ccccc1)(c1ccccc1)C1CCCCN1
13,o1:c(:c:c:c:1)-C,1.0,3,inf,0.00048367928004898985,5.172413793103448,ACTIVE,0.01675137658447612,17,CN(C(=O)C(Cl)Cl)c1ccc(OC(=O)c2ccco2)cc1
14,I-c1:c(:c:c:c(:c:1)-C-c1:c(:o:c:c:1)-C)-O,1.0,3,inf,0.18766832917695445,1.1494252873563218,ACTIVE,0.2942728238573546,2,CCc1oc2ccccc2c1C(=O)c1cc(I)c(O)c(I)c1
15,N-C1-C-C-1,0.8,3,5.317647058823528,0.1142561489538409,2.2988505747126435,ACTIVE,0.2942728238573546,15,CC(C)(C)[C@@H]1NC(=O)O[C@@H]2CCC[C@H]2OC/C=C/C(F)(F)c2nc3ccccc3nc2O[C@@H]2C[C@@H](C(=O)N[C@]3(C(=O)NS(=O)(=O)C4(C)CC4)C[C@H]3C(F)F)N(C2)C1=O
16,O(-c1:c:c:c(:c:c:1)-C=C)-C,1.0,3,inf,0.08089963062270986,1.7241379310344829,ACTIVE,0.2858453615335748,12,CCCCC(CC)COC(=O)C(C#N)=C(c1ccccc1)c1ccc(OC)cc1
17,O(-c1:c:c(:c:c:c:1)-C(-C)-C)-C,0.14285714285714285,3,0.21290944123314065,0.982115705039712,0.5747126436781609,ACTIVE,1.0,21,CC(C)(CO)c1cc2cc(NC(=O)C3(c4ccc5c(c4)OC(F)(F)O5)CC3)c(F)cc2n1C[C@@H](O)CO
18,n1:c:n:c(:c2:c:1:c:c:c(:c:2)-O-C-C)-N-C,0.0,3,,1.0,0.0,ACTIVE,1.0,0,
19,O=C-C=C-C=C-C,0.8333333333333334,3,6.6863905325443795,0.057543728256147814,2.8735632183908044,ACTIVE,0.2858453615335748,23,CO[C@H]1/C=C/O[C@@]2(C)Oc3c(C)c(O)c4c(O)c(cc(O)c4c3C2=O)NC(=O)/C(C)=C\C=C\[C@H](C)[C@H](O)[C@@H](C)[C@@H](O)[C@@H](C)[C@H](OC(C)=O)[C@@H]1C
20,N(-c1:c:c:c(:c:c:1)-C)-C-C-C,0.25,3,0.43159922928709055,0.8984910112972739,0.5747126436781609,ACTIVE,1.0,20,CNC(=O)c1ccc(N2C(=S)N(c3cnc(C#N)c(C(F)(F)F)c3)C(=O)C23CCC3)cc1F
21,S(-c1:c:c:c:c:c:1)-C-C-C,1.0,3,inf,0.08089963062270986,1.7241379310344829,ACTIVE,0.2858453615335748,9,Cc1cc2c(cc1S(N)(=O)=O)S(=O)(=O)CCC2
22,n1:c(:c(:c:c:1)-C=O)-C,1.0,3,inf,0.08089963062270986,1.7241379310344829,ACTIVE,0.2858453615335748,6,CCc1cc2c(cc1N1CCC(N3CCOCC3)CC1)C(C)(C)c1[nH]c3cc(C#N)ccc3c1C2=O
23,N(-N)=C,1.0,3,inf,0.014883942775598891,2.8735632183908044,ACTIVE,0.15776979342134825,12,CCCCCCC(=O)O[C@H]1CC[C@H]2[C@@H]3CCC4=CC(=NNC(=O)C(O)(c5ccccc5)c5ccccc5)CC[C@]4(C)[C@H]3CC[C@]12C
24,N(-c1:c(:c:c:c:c:1)-C-C(-O)=O)-C,0.0,3,,1.0,0.0,ACTIVE,1.0,0,
25,Cl-c1:c:c(:c:c:c:1)-C-C,0.6666666666666666,3,2.6666666666666665,0.13935745363147334,3.4482758620689653,ACTIVE,0.2942728238573546,23,C=CCOc1ccc(CC(=O)O)cc1Cl
26,Cl-c1:c:c:c(:c:c:1)-C=O,1.0,3,inf,0.18766832917695445,1.1494252873563218,ACTIVE,0.2942728238573546,12,O=C(O)c1c(Cl)c(Cl)c(Cl)c(Cl)c1-c1c2cc(Br)c(=O)c(Br)c-2oc2c(Br)c(O)c(Br)cc12
27,N-c1:c(:c:c:c:c:1)-C=O,1.0,3,inf,0.08089963062270986,1.7241379310344829,ACTIVE,0.2858453615335748,27,CCOc1c(N)c2c(c(OCC)c1OCC)C(C1c3c(cc4c(c3OC)OCO4)CCN1C)OC2=O
28,s1:c(:n:c(:c:1)-C)-c1:c:c:c:c:c:1,1.0,3,inf,0.18766832917695445,1.1494252873563218,ACTIVE,0.2942728238573546,1,Cc1nc(-c2ccc(OCC(C)C)c(C#N)c2)sc1C(=O)O
29,Cl-c1:c(:c:c:c:c:1)-O-C,1.0,3,inf,0.03475838401124628,2.2988505747126435,ACTIVE,0.2423939937626385,9,C=CCOc1ccc(CC(=O)O)cc1Cl
30,N-C-C-C(-O)-C-C-C,0.15789473684210525,3,0.23135964912280704,0.9980775175859014,1.7241379310344829,ACTIVE,1.0,74,CNC[C@@H]1CC[C@@H](N)[C@@H](O[C@@H]2[C@@H](N)C[C@@H](N)[C@H](O[C@H]3OC[C@](C)(O)[C@H](NC)[C@H]3O)[C@H]2O)O1
31,Cl-c1:c(:c:c:c(:c:1)-C-C)-O-C-C,1.0,3,inf,0.4339152119699313,0.5747126436781609,ACTIVE,0.5398475641879429,2,C=CCOc1ccc(CC(=O)O)cc1Cl
32,N(-C(-C)=O)-C-c1:c:c:c:c:c:1,1.0,3,inf,0.006351985679484425,3.4482758620689653,ACTIVE,0.09901624735666902,28,N#Cc1ccnc(N2C(=O)CC[C@H]2C(=O)N(c2cncc(F)c2)[C@H](C(=O)NC2CC(F)(F)C2)c2ccccc2Cl)c1
33,N-C(-c1:c:c:c(:c:c:1)-C)=O,1.0,3,inf,0.18766832917695445,1.1494252873563218,ACTIVE,0.2942728238573546,14,CCCCCCO[C@@H](C)c1cccc(-c2csc(NC(=O)c3cc(Cl)c(/C=C(\C)C(=O)O)c(Cl)c3)n2)c1OC
34,N(-N)-C-C,1.0,3,inf,0.0011450961268623461,4.597701149425287,ACTIVE,0.02758640669259288,26,CCCCCCC(=O)O[C@H]1CC[C@H]2[C@@H]3CCC4=CC(=NNC(=O)C(O)(c5ccccc5)c5ccccc5)CC[C@]4(C)[C@H]3CC[C@]12C
35,O1-C(-C-C(-C(-C-1-C)-O)(-O-C)-C)-O-C,1.0,3,inf,0.18766832917695445,1.1494252873563218,ACTIVE,0.2942728238573546,4,CC[C@H]1OC(=O)[C@H](C)[C@@H](O[C@H]2C[C@@](C)(OC)[C@@H](O)[C@H](C)O2)[C@H](C)[C@@H](O[C@@H]2O[C@H](C)C[C@H](N(C)C)[C@H]2O)[C@](C)(OC)C[C@@H](C)C(=O)[C@H](C)[C@@H](O)[C@]1(C)O
36,N(-C-c1:c2:c(:c:c:c:1):c:c:c:c:2)(-C-C)-C,1.0,3,inf,0.18766832917695445,1.1494252873563218,ACTIVE,0.2942728238573546,2,CN(C/C=C/C#CC(C)(C)C)Cc1cccc2ccccc12
37,S(-N)(-c1:c(:c:c:c:c:1)-C)(=O)=O,1.0,3,inf,0.18766832917695445,1.1494252873563218,ACTIVE,0.2942728238573546,7,Cc1cc2c(cc1S(N)(=O)=O)S(=O)(=O)CCC2
38,n1(:c(:c(:c:c:1)-C)-C)-C-C,1.0,3,inf,0.18766832917695445,1.1494252873563218,ACTIVE,0.2942728238573546,1,CC(C)c1c(C(=O)Nc2ccccc2)c(-c2ccccc2)c(-c2ccc(F)cc2)n1CC[C@@H](O)C[C@@H](O)CC(=O)O
39,N-C-C-O-c1:c(:c:c:c:c:1)-C,1.0,3,inf,0.18766832917695445,1.1494252873563218,ACTIVE,0.2942728238573546,5,CN(C)CCOc1ccccc1Cc1ccccc1
40,O(-C-C(-O)=O)-C,1.0,3,inf,0.4339152119699313,0.5747126436781609,ACTIVE,0.5398475641879429,11,COc1ccc2c(c1)c(CC(=O)OCC(=O)O)c(C)n2C(=O)c1ccc(Cl)cc1
41,n1(:c:c(:c:c:1)-C-c1:c:c:c:c:c:1)-C,1.0,3,inf,0.18766832917695445,1.1494252873563218,ACTIVE,0.2942728238573546,1,COc1cc(C(=O)NS(=O)(=O)c2ccccc2C)ccc1Cc1cn(C)c2ccc(NC(=O)OC3CCCC3)cc12
42,O-c1:c(:c:c(:c:c:1)-C)-C=O,1.0,3,inf,0.18766832917695445,1.1494252873563218,ACTIVE,0.2942728238573546,6,CON(C)Cc1ccc(O)c2c1C[C@H]1C[C@H]3[C@H](N(C)C)C(=O)C(C(N)=O)C(=O)[C@@]3(O)C(=O)C1C2=O
43,F-c1:c(:n:c2:n(:c:c(:c(:c:2:c:1)=O)-C)-C)-N,0.0,3,,1.0,0.0,ACTIVE,1.0,2,CO/N=C1\CN(c2nc3c(cc2F)c(=O)c(C(=O)O)cn3C2CC2)CC1CN
44,n1(:c(:n:c(:c(:c:1)-C)=O)=O)-C,1.0,3,inf,0.18766832917695445,1.1494252873563218,ACTIVE,0.2942728238573546,6,CCc1cn([C@H]2C[C@H](O)[C@@H](CO)O2)c(=O)[nH]c1=O
45,F-C(-F)(-F)-c1:c(:c:c:c(:c:1)-N)-N(-O)=O,1.0,3,inf,0.18766832917695445,1.1494252873563218,ACTIVE,0.2942728238573546,2,CC1(C)NC(=O)N(c2ccc([N+](=O)[O-])c(C(F)(F)F)c2)C1=O
46,n1(:c(:n:c(:c:c:1)-N)=O)-C1-O-C(-C-C-1)-C-O,1.0,3,inf,0.18766832917695445,1.1494252873563218,ACTIVE,0.2942728238573546,4,C[N+](C)(C)CCOP(=O)([O-])OP(=O)(O)OC[C@H]1O[C@@H](n2ccc(N)nc2=O)[C@H](O)[C@@H]1O
47,Cl-c1:c(:c:c:c:c:1)-N-c1:c(:c:c:c:c:1)-C,1.0,3,inf,0.18766832917695445,1.1494252873563218,ACTIVE,0.2942728238573546,4,O=C(O)COC(=O)Cc1ccccc1Nc1c(Cl)cccc1Cl
48,n1:c(:c:c:c:c:1)-C(-N-C)=O,1.0,3,inf,0.18766832917695445,1.1494252873563218,ACTIVE,0.2942728238573546,7,COC(=O)OCOc1c2n(ccc1=O)N([C@@H]1c3ccccc3SCc3c1ccc(F)c3F)[C@@H]1COCCN1C2=O
49,N(-C(-O-C)=O)-C(-C-c1:c:c:c:c:c:1)-C-C,1.0,3,inf,0.18766832917695445,1.1494252873563218,ACTIVE,0.2942728238573546,5,CC(C)c1nc(CN(C)C(=O)N[C@@H](CCN2CCOCC2)C(=O)N[C@H](CC[C@H](Cc2ccccc2)NC(=O)OCc2cncs2)Cc2ccccc2)cs1
50,o1:c2:c(:c(:c:1-C-C)-C(-C)=O):c:c:c:c:2,0.0,3,,1.0,0.0,ACTIVE,1.0,0,
51,N-C-C(-O)(-C)-C,0.2222222222222222,3,0.3654485049833887,0.9546430385106928,1.1494252873563218,ACTIVE,1.0,29,CC(C)(O)CNc1nc(Nc2ccnc(C(F)(F)F)c2)nc(-c2cccc(C(F)(F)F)n2)n1
52,Cl-c1:c(:c:c:c(:c:1)-Cl)-C1(-O-C-C-O-1)-C-N,0.0,3,,1.0,0.0,ACTIVE,1.0,0,
53,n1:c:c:c(:c:c:1)-C=O,1.0,3,inf,0.03475838401124628,2.2988505747126435,ACTIVE,0.2423939937626385,5,NCCNc1ccc(NCCN)c2c1C(=O)c1ccncc1C2=O
54,N-c1:c(:c:c:c:c:1)-C-C(-O)=O,1.0,3,inf,0.08089963062270986,1.7241379310344829,ACTIVE,0.2858453615335748,4,O=C(O)COC(=O)Cc1ccccc1Nc1c(Cl)cccc1Cl
55,Cl-c1:c:c(:c:c:c:1)-N,1.0,3,inf,0.002701604035832382,4.022988505747127,ACTIVE,0.05507115919196778,35,CCCCCCCCCCCC(=O)OCN1C(=O)CCc2ccc(OCCCCN3CCN(c4cccc(Cl)c4Cl)CC3)cc21
56,N(-N)-C,1.0,3,inf,8.539303537580564e-05,6.321839080459771,ACTIVE,0.004525830874917699,33,CCCCCCC(=O)O[C@H]1CC[C@H]2[C@@H]3CCC4=CC(=NNC(=O)C(O)(c5ccccc5)c5ccccc5)CC[C@]4(C)[C@H]3CC[C@]12C
57,N-C-C-C-C-C-C-C(-O)=O,0.3333333333333333,3,0.6502890173410405,0.8196402790016925,0.5747126436781609,ACTIVE,0.9610826280329581,12,CC[C@]12C=CCN3CC[C@@]4(c5cc([C@@]6(C(=O)OC)C[C@@H]7C[C@@H](C(C)(F)F)CN(Cc8c6[nH]c6ccccc86)C7)c(OC)cc5N(C)[C@H]4[C@@](O)(C(=O)OC)[C@@H]1OC(C)=O)[C@@H]32
58,S(-c1:c:c:c:c:c:1)-C-C,1.0,3,inf,0.03475838401124628,2.2988505747126435,ACTIVE,0.2423939937626385,15,Cc1cc2c(cc1S(N)(=O)=O)S(=O)(=O)CCC2
59,O(-c1:c:c:c:c:c:1)-C-c1:c:c:c:c:c:1,1.0,3,inf,0.18766832917695445,1.1494252873563218,ACTIVE,0.2942728238573546,20,Oc1cc(O)c2c(c1)O[C@H](c1ccc(O)c(O)c1)[C@@H](O)C2
60,o1:c(:c:c:c:1-C)-C,1.0,3,inf,0.4339152119699313,0.5747126436781609,ACTIVE,0.5398475641879429,1,CNC(=C[N+](=O)[O-])NCCSCc1ccc(CN(C)C)o1
61,O(-c1:c:c:c:c:c:c:c:c:c:1)-C,1.0,3,inf,0.18766832917695445,1.1494252873563218,ACTIVE,0.2942728238573546,13,CO[C@H]1/C=C/O[C@@]2(C)Oc3c(C)c(O)c4c(O)c(cc(O)c4c3C2=O)NC(=O)/C(C)=C\C=C\[C@H](C)[C@H](O)[C@@H](C)[C@@H](O)[C@@H](C)[C@H](OC(C)=O)[C@@H]1C
62,n1:c(:c(:c(:c:1-C)-C)-C(-N-C)=O)-C,1.0,3,inf,0.4339152119699313,0.5747126436781609,ACTIVE,0.5398475641879429,1,CCN(CC)CCNC(=O)c1c(C)[nH]c(/C=C2\C(=O)Nc3ccc(F)cc32)c1C
63,N(-N=C)-C,1.0,3,inf,0.18766832917695445,1.1494252873563218,ACTIVE,0.2942728238573546,10,CCCCCCC(=O)O[C@H]1CC[C@H]2[C@@H]3CCC4=CC(=NNC(=O)C(O)(c5ccccc5)c5ccccc5)CC[C@]4(C)[C@H]3CC[C@]12C
64,N(-N)-C(-C)-C,1.0,3,inf,0.08089963062270986,1.7241379310344829,ACTIVE,0.2858453615335748,3,CCOC(=O)[C@H](CCc1ccccc1)N[C@H]1CCCN2CCC[C@@H](C(=O)O)N2C1=O
65,N(-C-C1-C-C-C-C-C-1)-C-C,0.18181818181818185,3,0.28165374677002586,0.9831334224951944,1.1494252873563218,ACTIVE,1.0,29,CC(C)(NC(=O)C1C[C@@]2(O)[C@H]3Cc4ccc(O)c5c4[C@@]2(CCN3CC2CC2)[C@@H](O5)C1=O)c1nc(-c2ccccc2)no1
66,n1:c(:n:c:c:c:1)-N-c1:c:c:c:c:c:1,1.0,3,inf,0.08089963062270986,1.7241379310344829,ACTIVE,0.2858453615335748,9,COc1cc(N2CCC(N3CCN(C)CC3)CC2)ccc1Nc1ncc(Cl)c(Nc2ccccc2P(C)(C)=O)n1
67,n1:c:n:c(:c2:c:1:c:c:c:c:2)-N-C,0.0,3,,1.0,0.0,ACTIVE,1.0,0,
68,n1:c(:c2:c(:c:c:1):c:c:c:c:2)-C,1.0,3,inf,0.18766832917695445,1.1494252873563218,ACTIVE,0.2942728238573546,1,COc1ccc(Cc2nccc3cc(OC)c(OC)cc23)cc1OC
69,N1-C-C(-c:c-1)(-c1:c:c:c(:c:c:1)-O-C-C)-C,0.0,3,,1.0,0.0,ACTIVE,1.0,0,
70,N(-c1:c(:c:c:c:c:1)-C)-c1:c:c:c:c:c:1,1.0,3,inf,0.006351985679484425,3.4482758620689653,ACTIVE,0.09901624735666902,20,NC(=O)N1c2ccccc2C[C@H](O)c2ccccc21
71,N(-O)-C(-N)=O,1.0,3,inf,0.18766832917695445,1.1494252873563218,ACTIVE,0.2942728238573546,3,NC(=O)[C@@H]1CC[C@@H]2CN1C(=O)N2OS(=O)(=O)O
72,Cl-c1:c(:c:c:c(:c:1)-N-c1:n:c:n:c:c:1)-F,1.0,3,inf,0.18766832917695445,1.1494252873563218,ACTIVE,0.2942728238573546,3,COc1cc2ncnc(Nc3ccc(F)c(Cl)c3)c2cc1NC(=O)/C=C/CN1CCCCC1
73,N-c1:c:c:c(:c:c:1)-C(-O)=O,1.0,3,inf,0.08089963062270986,1.7241379310344829,ACTIVE,0.2858453615335748,12,CCCCC(CC)COC(=O)c1ccc(N(C)C)cc1
74,n1:c:n:c(:c:c:1-N)-O-C,1.0,3,inf,0.4339152119699313,0.5747126436781609,ACTIVE,0.5398475641879429,4,CCCNS(=O)(=O)Nc1ncnc(OCCOc2ncc(Br)cn2)c1-c1ccc(Br)cc1
75,N(-C-C-C)(-C-C-C)-C-C-C,0.375,3,0.7789473684210526,0.7537129204881009,1.7241379310344829,ACTIVE,0.8877063285748745,35,CC(C)(NC(=O)C1C[C@@]2(O)[C@H]3Cc4ccc(O)c5c4[C@@]2(CCN3CC2CC2)[C@@H](O5)C1=O)c1nc(-c2ccccc2)no1
76,n1(:c2:c(:c(:c:1-C)-C-C):c:c:c:c:2)-C-C,0.0,3,,1.0,0.0,ACTIVE,1.0,0,
77,N1-C-C(-c2:c-1:c:c:c:c:2)-c1:c:c:c:c:c:1,1.0,3,inf,0.18766832917695445,1.1494252873563218,ACTIVE,0.2942728238573546,1,CC(=O)Oc1ccc(C2(c3ccc(OC(C)=O)cc3)C(=O)Nc3ccccc32)cc1
78,O=C1-C-C-C(-C-C-C-C-C-C-1)-C,0.6666666666666666,3,2.627906976744186,0.4012057262857599,1.1494252873563218,ACTIVE,0.5398475641879429,24,CCC(=O)O[C@H]1CC[C@H]2[C@@H]3CC[C@H]4CC(=O)[C@H](C)C[C@]4(C)[C@H]3CC[C@]12C
79,n1(:c(:n:c(:c:c:1)=O)=O)-C1-O-C(-C-C-1)-C-O,1.0,3,inf,0.18766832917695445,1.1494252873563218,ACTIVE,0.2942728238573546,9,CCc1cn([C@H]2C[C@H](O)[C@@H](CO)O2)c(=O)[nH]c1=O
80,N-C(-C(-O-C(-C-C)-C)=O)-C,0.5,3,1.3063583815028899,0.6801620947627605,0.5747126436781609,ACTIVE,0.8119052032077996,12,COc1cc2c(cc1OC)[C@H]1C[C@@H](OC(=O)[C@@H](N)C(C)C)[C@H](CC(C)C)CN1CC2
81,F-c1:c(:c:c:c(:c:1)-F)-C,1.0,3,inf,0.18766832917695445,1.1494252873563218,ACTIVE,0.2942728238573546,7,O=C(NCc1c(F)cc(F)cc1F)c1cn2c(c(O)c1=O)C(=O)N1[C@H]3CC[C@H](C3)O[C@@H]1C2
82,O(-c1:c(:c:c:c(:c:1)-C)-C-C)-C,0.5,3,1.3081395348837208,0.5830880821144337,1.1494252873563218,ACTIVE,0.7120660910614053,10,Cc1c(C)c2c(c(C)c1O)CCC(C)(CCCC(C)CCCC(C)CCCC(C)C)O2
83,N(-C1-C-C-1)-C,0.5,3,1.3063583815028899,0.6801620947627605,0.5747126436781609,ACTIVE,0.8119052032077996,10,CC(C)(C)[C@@H]1NC(=O)O[C@@H]2CCC[C@H]2OC/C=C/C(F)(F)c2nc3ccccc3nc2O[C@@H]2C[C@@H](C(=O)N[C@]3(C(=O)NS(=O)(=O)C4(C)CC4)C[C@H]3C(F)F)N(C2)C1=O
84,S(-N-C=O)(-c1:c:c:c:c:c:1)(=O)=O,1.0,3,inf,0.18766832917695445,1.1494252873563218,ACTIVE,0.2942728238573546,15,CC(=O)N(c1onc(C)c1C)S(=O)(=O)c1ccc(N)cc1
85,n1:n:c:n(:c:1-C-C)-C,1.0,3,inf,0.18766832917695445,1.1494252873563218,ACTIVE,0.2942728238573546,4,FC(F)(F)c1cccc(N2CCN(CCc3nnc4n3C[C@@H]3CCC[C@H]43)CC2)c1
86,N-c1:c:c(:c:c:c:1)-C-C,1.0,3,inf,0.08089963062270986,1.7241379310344829,ACTIVE,0.2858453615335748,26,CCOc1c(N)c2c(c(OCC)c1OCC)C(C1c3c(cc4c(c3OC)OCO4)CCN1C)OC2=O
87,F-c1:c:c(:c:c:c:1)-F,1.0,3,inf,0.014883942775598891,2.8735632183908044,ACTIVE,0.15776979342134825,16,COC(=O)N[C@H](C(=O)N1CCC[C@H]1c1nc2cc([C@H]3CC[C@H](c4cc5nc([C@@H]6CCCN6C(=O)[C@@H](NC(=O)OC)[C@@H](C)OC)[nH]c5cc4F)N3c3cc(F)c(N4CCC(c5ccc(F)cc5)CC4)c(F)c3)c(F)cc2[nH]1)[C@@H](C)OC
88,n1:c(:c:c:c:c:c:c:c:c:1)-C,1.0,3,inf,0.18766832917695445,1.1494252873563218,ACTIVE,0.2942728238573546,11,Cc1ccc2c(Cl)cc(Cl)c(O)c2n1
89,n1:c:n:c:c:c:1-N-C,0.42857142857142855,3,0.9780701754385964,0.6531186033115465,1.7241379310344829,ACTIVE,0.7939285774199991,19,O=C(Nc1cnn2ccc(N3CCC[C@@H]3c3cc(F)ccc3F)nc12)N1CC[C@H](O)C1
90,N(-O)(-c1:c:c(:c:c:c:1)-O)=O,1.0,3,inf,0.18766832917695445,1.1494252873563218,ACTIVE,0.2942728238573546,4,Cc1c(Cl)c(C)[n+]([O-])c(Cl)c1-c1noc(-c2cc(O)c(O)c([N+](=O)[O-])c2)n1
91,O=C-c1:c:c:c(:c:c:1)-C,0.8333333333333334,3,6.6863905325443795,0.057543728256147814,2.8735632183908044,ACTIVE,0.2858453615335748,33,Cc1ccc(C(=O)OCc2ccc([C@@H](CN)C(=O)Nc3ccc4cnccc4c3)cc2)c(C)c1
92,S1-c2:c(-N(-c3:c-1:c:c:c:c:3)-C):c:c:c:c:2,1.0,3,inf,0.18766832917695445,1.1494252873563218,ACTIVE,0.2942728238573546,23,CCCC(=O)c1ccc2c(c1)N(CCCN1CCN(C)CC1)c1ccccc1S2
93,S1-c2:c(-N(-c:c-1)-C-C):c:c:c:c:2,1.0,3,inf,0.18766832917695445,1.1494252873563218,ACTIVE,0.2942728238573546,23,CCCC(=O)c1ccc2c(c1)N(CCCN1CCN(C)CC1)c1ccccc1S2
94,N1(-C(-N-C(-C-1)=O)=O)-N=C-c1:o:c:c:c:1,1.0,3,inf,0.18766832917695445,1.1494252873563218,ACTIVE,0.2942728238573546,2,O=C1CN(N=Cc2ccc(-c3ccc([N+](=O)[O-])cc3)o2)C(=O)N1
95,N1(-C-C-N(-C-C-1)-C)-c1:c:c:c:c:c:1,1.0,3,inf,0.08089963062270986,1.7241379310344829,ACTIVE,0.2858453615335748,19,CCCCCCCCCCCC(=O)OCN1C(=O)CCc2ccc(OCCCCN3CCN(c4cccc(Cl)c4Cl)CC3)cc21
96,N1-C-C(-c:c-1)-c1:c:c:c(:c:c:1)-O-C(-C)=O,1.0,3,inf,0.18766832917695445,1.1494252873563218,ACTIVE,0.2942728238573546,1,CC(=O)Oc1ccc(C2(c3ccc(OC(C)=O)cc3)C(=O)Nc3ccccc32)cc1
97,N(-c1:c(:c:c:c:c:1)-C(-O)=O)-C,0.0,3,,1.0,0.0,ACTIVE,1.0,1,NS(=O)(=O)c1cc(C(=O)O)c(NCc2ccco2)cc1Cl
98,F-c1:c(:c:c:c(:c:1)-F)-n1:c:c:c(:c:c:1)=O,1.0,3,inf,0.18766832917695445,1.1494252873563218,ACTIVE,0.2942728238573546,2,C[C@H](N)C(=O)N[C@@H](C)C(=O)N[C@H]1[C@@H]2CN(c3nc4c(cc3F)c(=O)c(C(=O)O)cn4-c3ccc(F)cc3F)C[C@@H]21
99,N(-c1:c:c:c(:c:c:1)-C#N)-C,1.0,3,inf,0.4339152119699313,0.5747126436781609,ACTIVE,0.5398475641879429,3,CN1CC[C@@H](NC(=O)Nc2ccc(C#N)cc2)C[C@@H]1c1nc2ccccc2[nH]1
100,O(-C(-C-C-C-C-C-C)-C-C)-C(-C)=O,0.5555555555555556,3,1.6494082840236686,0.3395612533325356,2.8735632183908044,ACTIVE,0.4971476913432151,61,CCCCCC(=O)O[C@]1(C(C)=O)CC[C@H]2[C@@H]3CCC4=CC(=O)CC[C@@H]4[C@H]3CC[C@@]21C
101,F-c1:c(:n:c:c:c:1)-N1-C-C2-C(-C-1)-C-2-N,1.0,3,inf,0.18766832917695445,1.1494252873563218,ACTIVE,0.2942728238573546,2,C[C@H](N)C(=O)N[C@@H](C)C(=O)N[C@H]1[C@@H]2CN(c3nc4c(cc3F)c(=O)c(C(=O)O)cn4-c3ccc(F)cc3F)C[C@@H]21
102,Cl-c1:c:c(:c:c:c:1)-Cl,1.0,3,inf,0.08089963062270986,1.7241379310344829,ACTIVE,0.2858453615335748,41,O=C(O)c1c(Cl)c(Cl)c(Cl)c(Cl)c1-c1c2cc(Br)c(=O)c(Br)c-2oc2c(Br)c(O)c(Br)cc12
103,N-C1-C-O-C-C-1,1.0,3,inf,0.18766832917695445,1.1494252873563218,ACTIVE,0.2942728238573546,1,Cc1cn([C@H]2C[C@H](N=[N+]=[N-])[C@@H](CO)O2)c(=O)[nH]c1=O
104,s1:c(:c:c:c:1)-C(-C)=O,1.0,3,inf,0.4339152119699313,0.5747126436781609,ACTIVE,0.5398475641879429,4,CN1C(C(=O)Nc2ccccn2)C(=O)c2sc(Cl)cc2S1(=O)=O
105,s1:c(:c:c:c:1)-C-C-C,1.0,3,inf,0.4339152119699313,0.5747126436781609,ACTIVE,0.5398475641879429,5,CN1C(C(=O)Nc2ccccn2)C(=O)c2sc(Cl)cc2S1(=O)=O
106,N(-C(-N)=O)-C(-C)-C,1.0,3,inf,0.18766832917695445,1.1494252873563218,ACTIVE,0.2942728238573546,25,Cc1nc(NC(=O)N2CCC[C@H]2C(N)=O)sc1-c1ccnc(C(C)(C)C(F)(F)F)c1
107,F-c1:c(:c:c:c(:c:1)-F)-C(-O)(-C-N)-C,0.0,3,,1.0,0.0,ACTIVE,1.0,1,C=C1CCN([C@H](C)[C@](O)(Cn2cncn2)c2ccc(F)cc2F)CC1
108,n1:c:c(:c(:c:c:1)=O)-C(-O)=O,1.0,3,inf,0.03475838401124628,2.2988505747126435,ACTIVE,0.2423939937626385,21,CNc1ncc(-c2ccc3c(=O)c(C(=O)O)cn(C4CC4)c3c2C)cc1C
109,N(-c1:c:c(:c(:c:c:1)-C)-C)-C(-C)=O,1.0,3,inf,0.4339152119699313,0.5747126436781609,ACTIVE,0.5398475641879429,5,CN(C)[C@@H]1C(=O)C(C(N)=O)C(=O)[C@@]2(O)C(=O)C3C(=O)c4c(O)c(NC(=O)CN5CCCC5)cc(F)c4C[C@H]3C[C@@H]12
110,S-c1:c:c:c(:c:c:1)-C-C,1.0,3,inf,0.18766832917695445,1.1494252873563218,ACTIVE,0.2942728238573546,11,Cc1cc2c(cc1S(N)(=O)=O)S(=O)(=O)CCC2
111,N1(-C-C-N(-C-C-1)-C-C)-c1:c:c:c:c:c:1,1.0,3,inf,0.18766832917695445,1.1494252873563218,ACTIVE,0.2942728238573546,14,CCCCCCCCCCCC(=O)OCN1C(=O)CCc2ccc(OCCCCN3CCN(c4cccc(Cl)c4Cl)CC3)cc21
112,n1(:n:c:n:c:1)-C-C(-O)(-c1:c:c:c:c:c:1)-C,1.0,3,inf,0.18766832917695445,1.1494252873563218,ACTIVE,0.2942728238573546,6,C[C@@H](c1nc(-c2ccc(C#N)cc2)cs1)[C@](O)(Cn1cncn1)c1cc(F)ccc1F
113,S(-C-C-N-C)-C,0.5,3,1.3081395348837208,0.5830880821144337,1.1494252873563218,ACTIVE,0.7120660910614053,80,Cn1nnnc1SCC1=C(C(=O)O)N2C(=O)[C@@H](NC(=O)[C@H](OC=O)c3ccccc3)[C@H]2SC1
114,N(-C-C(-O-C-C)=O)-C,0.6666666666666666,3,2.627906976744186,0.4012057262857599,1.1494252873563218,ACTIVE,0.5398475641879429,26,CCOC(=O)[C@H](CS)NCCN[C@@H](CS)C(=O)OCC
115,s1:c:n:c:c:1-C-O,1.0,3,inf,0.18766832917695445,1.1494252873563218,ACTIVE,0.2942728238573546,3,CC(C)c1nc(CN(C)C(=O)N[C@@H](CCN2CCOCC2)C(=O)N[C@H](CC[C@H](Cc2ccccc2)NC(=O)OCc2cncs2)Cc2ccccc2)cs1
116,N1-C(-C-c2:c-1:c:c:c:c:2)=O,1.0,3,inf,0.08089963062270986,1.7241379310344829,ACTIVE,0.2858453615335748,5,CC(=O)Oc1ccc(C2(c3ccc(OC(C)=O)cc3)C(=O)Nc3ccccc32)cc1
117,n1:c:c:c(:c:c:1)-C(-N-N-C-C)=O,1.0,3,inf,0.18766832917695445,1.1494252873563218,ACTIVE,0.2942728238573546,1,O=C(CCNNC(=O)c1ccncc1)NCc1ccccc1
118,O-c1:c:c(:c:c:c:1)-C(-c1:c:c:c:c:c:1)=O,0.6666666666666666,3,2.627906976744186,0.4012057262857599,1.1494252873563218,ACTIVE,0.5398475641879429,9,CC(=O)Oc1cccc2c1C(=O)c1c(OC(C)=O)cc(C(=O)O)cc1C2=O
119,N1-C(-N-C(-C-1(-c1:c:c:c:c:c:1)-C)=O)=O,0.0,3,,1.0,0.0,ACTIVE,1.0,1,CCC1(c2ccccc2)NC(=O)N(C)C1=O
120,Cl-c1:c:c:c(:c:c:1)-O-C,1.0,3,inf,0.18766832917695445,1.1494252873563218,ACTIVE,0.2942728238573546,10,[NH]C(=O)OCC(O)COc1ccc(Cl)cc1
121,F-c1:c:c:c(:c:c:1)-C(-C-n1:n:c:n:c:1)-C,1.0,3,inf,0.18766832917695445,1.1494252873563218,ACTIVE,0.2942728238573546,4,C=C1CCN([C@H](C)[C@](O)(Cn2cncn2)c2ccc(F)cc2F)CC1
122,N(-c1:c(:c:c:c:c:1)-C-C)-c1:c:c:c:c:c:1,1.0,3,inf,0.03475838401124628,2.2988505747126435,ACTIVE,0.2423939937626385,11,NC(=O)N1c2ccccc2C[C@H](O)c2ccccc21
123,n1:c(:n:c:c:c:1-N)-N-c1:c:c:c(:c:c:1)-C,1.0,3,inf,0.18766832917695445,1.1494252873563218,ACTIVE,0.2942728238573546,4,Cc1cc(Nc2ncc(Cl)c(Nc3ccccc3S(=O)(=O)C(C)C)n2)c(OC(C)C)cc1C1CCNCC1
124,N(-C-c1:c:c:c(:c:c:1)-C-N)-C,0.6666666666666666,3,2.627906976744186,0.4012057262857599,1.1494252873563218,ACTIVE,0.5398475641879429,8,COc1ccc(NC(=O)c2ccc(C(=N)N(C)C)cc2)c(C(=O)Nc2ccc(Cl)cn2)c1
125,O=C(-c1:c:c:c(:c:c:1)-C)-C,1.0,3,inf,0.4339152119699313,0.5747126436781609,ACTIVE,0.5398475641879429,3,CC(C)(C)c1ccc(C(=O)CCCN2CCC(OC(c3ccccc3)c3ccccc3)CC2)cc1
126,F-c1:c(:c:c2:n:c:c(:c(:c:2:c:1)=O)-C-O)-N,1.0,3,inf,0.18766832917695445,1.1494252873563218,ACTIVE,0.2942728238573546,13,Nc1nc(-n2cc(C(=O)O)c(=O)c3cc(F)c(N4CC(O)C4)c(Cl)c32)c(F)cc1F
127,n1:c(:c(:c:c:1)-C)-C,0.625,3,2.209072978303748,0.22833692016517845,2.8735632183908044,ACTIVE,0.33804069186464963,23,COc1ccc2c(c1)c(CC(=O)OCC(=O)O)c(C)n2C(=O)c1ccc(Cl)cc1
128,Cl-c1:c(:c:c:c:c:1)-O-C-C,1.0,3,inf,0.08089963062270986,1.7241379310344829,ACTIVE,0.2858453615335748,5,C=CCOc1ccc(CC(=O)O)cc1Cl
129,Cl-c1:c:c(:c:c:c:1)-C-C(-O)=O,1.0,3,inf,0.18766832917695445,1.1494252873563218,ACTIVE,0.2942728238573546,1,C=CCOc1ccc(CC(=O)O)cc1Cl
130,n1:c:n:c:c:c:1-N-c1:c:c:c:c:c:1,1.0,3,inf,0.014883942775598891,2.8735632183908044,ACTIVE,0.15776979342134825,10,COc1cc(N2CCC(N3CCN(C)CC3)CC2)ccc1Nc1ncc(Cl)c(Nc2ccccc2P(C)(C)=O)n1
131,O(-c1:c:c:c(:c:c:1)-C(-C)=C)-C-C,0.0,3,,1.0,0.0,ACTIVE,1.0,0,
132,N1(-C-C-N-C-C-1)-c1:c:c:c:c:c:1,1.0,3,inf,0.014883942775598891,2.8735632183908044,ACTIVE,0.15776979342134825,28,CCCCCCCCCCCC(=O)OCN1C(=O)CCc2ccc(OCCCCN3CCN(c4cccc(Cl)c4Cl)CC3)cc21
133,N#C-c1:c:c(:c:c:c:1)-C,1.0,3,inf,0.4339152119699313,0.5747126436781609,ACTIVE,0.5398475641879429,3,Cc1cc(C#N)cc(C)c1Oc1nc(Nc2ccc(C#N)cc2)nc(N)c1Br
134,N(-c1:c:c:c:c:c:1)-C-O-C,1.0,3,inf,0.08089963062270986,1.7241379310344829,ACTIVE,0.2858453615335748,10,Cn1nnc(-c2ccc(-c3ccc(N4C[C@H](CO)OC4=O)cc3F)cn2)n1
135,N1-C(-N-C(-C-1(-C)-C)=O)=O,1.0,3,inf,0.4339152119699313,0.5747126436781609,ACTIVE,0.5398475641879429,1,CC1(C)NC(=O)N(c2ccc([N+](=O)[O-])c(C(F)(F)F)c2)C1=O
136,N(-C-c1:o:c(:c:c:1)-C)-C,1.0,3,inf,0.4339152119699313,0.5747126436781609,ACTIVE,0.5398475641879429,1,CNC(=C[N+](=O)[O-])NCCSCc1ccc(CN(C)C)o1
137,O(-C-C-c1:c:c:c:c:c:1)-C=O,1.0,3,inf,0.08089963062270986,1.7241379310344829,ACTIVE,0.2858453615335748,11,CCOc1c(N)c2c(c(OCC)c1OCC)C(C1c3c(cc4c(c3OC)OCO4)CCN1C)OC2=O
138,N-C(-C1-C-C-C-C-C-1)=O,1.0,3,inf,0.18766832917695445,1.1494252873563218,ACTIVE,0.2942728238573546,22,CN(C)c1cc(CNCC(C)(C)C)c(O)c2c1C[C@H]1C[C@H]3[C@H](N(C)C)C(=O)C(C(N)=O)C(=O)[C@@]3(O)C(=O)C1C2=O
139,n1:c(:n:c:c:c:1-N-C)-N,0.4,3,0.8682170542635659,0.7205306683830444,1.1494252873563218,ACTIVE,0.8524135139352981,9,Nc1nc2c(c(=O)[nH]1)N(C=O)[C@@H](CNc1ccc(C(=O)N[C@@H](CCC(=O)O)C(=O)O)cc1)CN2
140,N(-C-C-C(-O-c1:c:c:c:c:c:1)-C)-C,0.0,3,,1.0,0.0,ACTIVE,1.0,2,C[C@]1(COc2ccc(N3CCC(Oc4ccc(OC(F)(F)F)cc4)CC3)cc2)Cn2cc([N+](=O)[O-])nc2O1
141,n1:c:c:c(:c:c:c:c:c:c:1)-N,1.0,3,inf,0.08089963062270986,1.7241379310344829,ACTIVE,0.2858453615335748,24,Nc1nc(-n2cc(C(=O)O)c(=O)c3cc(F)c(N4CC(O)C4)c(Cl)c32)c(F)cc1F
142,O-c1:c(:c:c:c(:c:1)-C-c1:c:c:c:c:c:1)-O,0.6666666666666666,3,2.627906976744186,0.4012057262857599,1.1494252873563218,ACTIVE,0.5398475641879429,5,COc1cc([C@@H]2c3cc4c(cc3[C@H](O)[C@H]3COC(=O)[C@H]23)OCO4)cc(OC)c1OC
143,O=C1-C-C=C-C=C-1,1.0,3,inf,0.18766832917695445,1.1494252873563218,ACTIVE,0.2942728238573546,0,
144,Cl-c1:c:c:c(:c:c:1)-C1(-O-C(-C-O-1)-C)-C-N,0.0,3,,1.0,0.0,ACTIVE,1.0,0,
145,O(-c1:c:c:c(:c:c:1)-C=C-C-C)-C,1.0,3,inf,0.08089963062270986,1.7241379310344829,ACTIVE,0.2858453615335748,5,CC(C)(C)C(O)/C=C/c1ccc2c(c1)OCO2
146,F-c1:c:c:c(:c:c:1)-n1:c:c(:c(:c:c:1)=O)-C,1.0,3,inf,0.18766832917695445,1.1494252873563218,ACTIVE,0.2942728238573546,2,C[C@H](N)C(=O)N[C@@H](C)C(=O)N[C@H]1[C@@H]2CN(c3nc4c(cc3F)c(=O)c(C(=O)O)cn4-c3ccc(F)cc3F)C[C@@H]21
147,N(-C1-C(-C(-O-C(-C-1)-C)-O-C)-O)(-C)-C,1.0,3,inf,0.08089963062270986,1.7241379310344829,ACTIVE,0.2858453615335748,7,CO[C@H]1C[C@H](O[C@@H]2[C@@H](C)C(=O)O[C@H](C)[C@H](C)[C@H](OC(C)=O)[C@@H](C)C(=O)[C@]3(CO3)C[C@H](C)[C@H](O[C@@H]3O[C@H](C)C[C@H](N(C)C)[C@H]3OC(C)=O)[C@H]2C)O[C@@H](C)[C@@H]1OC(C)=O
148,I-c1:c:c(:c:c(:c:1)-C-c1:c(:o:c:c:1)-C)-I,1.0,3,inf,0.18766832917695445,1.1494252873563218,ACTIVE,0.2942728238573546,2,CCc1oc2ccccc2c1C(=O)c1cc(I)c(O)c(I)c1
149,O1-C(-O-C-C-1-C-O-C)(-c1:c:c:c:c:c:1)-C,0.0,3,,1.0,0.0,ACTIVE,1.0,0,
150,Br-c1:c(:c:c:c(:c:1)-C)-O,1.0,3,inf,0.18766832917695445,1.1494252873563218,ACTIVE,0.2942728238573546,1,Cc1cc(Br)c(O)c2ncccc12
151,O=C(-c1:c:c:c:c:c:1)-c1:c:c:c:c:c:1,0.75,3,3.9649122807017534,0.2193233704569265,1.7241379310344829,ACTIVE,0.334026972247618,21,CC(C)(Oc1ccc(C(=O)c2ccc(Cl)cc2)cc1)C(=O)O
152,o1:c(:c:c:c:1-C)-c1:c:c:c:c:c:1,1.0,3,inf,0.18766832917695445,1.1494252873563218,ACTIVE,0.2942728238573546,2,CS(=O)(=O)CCNCc1ccc(-c2ccc3ncnc(Nc4ccc(OCc5cccc(F)c5)c(Cl)c4)c3c2)o1
153,o1:c2:c(:c(:c:1-C-C-C)-C(-C)=O):c:c:c:c:2,0.0,3,,1.0,0.0,ACTIVE,1.0,0,
154,n1:n:c:n(:c:1)-C,1.0,3,inf,0.18766832917695445,1.1494252873563218,ACTIVE,0.2942728238573546,7,Cn1c(Cn2ccc(C(F)(F)F)c(Oc3cc(Cl)cc(C#N)c3)c2=O)n[nH]c1=O
155,O1-C-C-C-C-C-C(-C-C-C-C-C-C-C-1)-O,1.0,3,inf,0.08089963062270986,1.7241379310344829,ACTIVE,0.2858453615335748,8,CO[C@H]1C[C@H](O[C@@H]2[C@@H](C)C(=O)O[C@H](C)[C@H](C)[C@H](OC(C)=O)[C@@H](C)C(=O)[C@]3(CO3)C[C@H](C)[C@H](O[C@@H]3O[C@H](C)C[C@H](N(C)C)[C@H]3OC(C)=O)[C@H]2C)O[C@@H](C)[C@@H]1OC(C)=O
156,O(-c1:c(:c:c:c(:c:1)-C)-C)-C,0.75,3,4.017857142857143,0.07222562396976277,3.4482758620689653,ACTIVE,0.2858453615335748,18,Cc1c(C)c2c(c(C)c1O)CCC(C)(CCCC(C)CCCC(C)CCCC(C)C)O2
157,N(-C-O-C)-C(-C(-O)-C)-C-c1:c:c:c:c:c:1,1.0,3,inf,0.18766832917695445,1.1494252873563218,ACTIVE,0.2942728238573546,4,CC(C)CN(C[C@@H](OP(=O)(O)O)[C@H](Cc1ccccc1)NC(=O)O[C@H]1CCOC1)S(=O)(=O)c1ccc(N)cc1
158,N-C-c1:c:c2-O-C-O-c:2:c:c:1,1.0,3,inf,0.18766832917695445,1.1494252873563218,ACTIVE,0.2942728238573546,3,CCOc1c(N)c2c(c(OCC)c1OCC)C(C1c3c(cc4c(c3OC)OCO4)CCN1C)OC2=O
159,n1(:n:c:n:c:1)-C-C-C-N,1.0,3,inf,0.4339152119699313,0.5747126436781609,ACTIVE,0.5398475641879429,3,C=C1CCN([C@H](C)[C@](O)(Cn2cncn2)c2ccc(F)cc2F)CC1
160,N1-C(-N-C-C-1=O)=O,1.0,3,inf,0.014883942775598891,2.8735632183908044,ACTIVE,0.15776979342134825,11,O=C1C(N(CO)C(=O)NCO)N(CO)C(=O)N1CO
161,O(-c1:c(:c:c:c:c:1-C)-C)-C,0.75,3,3.9649122807017534,0.2193233704569265,1.7241379310344829,ACTIVE,0.334026972247618,17,Cc1c(C)c2c(c(C)c1O)CCC(C)(CCCC(C)CCCC(C)CCCC(C)C)O2
162,n1:c:o:c2:c:1:c:c:c:c:2,1.0,3,inf,0.18766832917695445,1.1494252873563218,ACTIVE,0.2942728238573546,4,O=C(O)c1ccc2nc(-c3cc(Cl)cc(Cl)c3)oc2c1
163,S(-C-C)(-C)(=O)=O,1.0,3,inf,0.18766832917695445,1.1494252873563218,ACTIVE,0.2942728238573546,8,CC1(C)S[C@@H]2[C@H](NC(=O)[C@H](N)c3ccccc3)C(=O)N2[C@H]1C(=O)OCOC(=O)[C@@H]1N2C(=O)C[C@H]2S(=O)(=O)C1(C)C
164,Cl-c1:c:c(:c:c:c:1)-N-c1:n:c:n:c:c:1,1.0,3,inf,0.08089963062270986,1.7241379310344829,ACTIVE,0.2858453615335748,4,COc1cc2ncnc(Nc3ccc(F)c(Cl)c3)c2cc1NC(=O)/C=C/CN1CCCCC1
165,I-c1:c(:c(:c:c(:c:1)-C(-C)=O)-I)-O,0.0,3,,1.0,0.0,ACTIVE,1.0,0,
166,N(-C-C-O-c1:c:c:c(:c:c:1)-C-C)(-C)-C,0.0,3,,1.0,0.0,ACTIVE,1.0,2,CN1CC[C@]23c4c5ccc(OCCN6CCOCC6)c4O[C@H]2[C@@H](O)C=C[C@H]3[C@H]1C5
167,O1-C-O-c2:c-1:c:c(:c:c:2)-C,1.0,3,inf,0.08089963062270986,1.7241379310344829,ACTIVE,0.2858453615335748,15,CCOc1c(N)c2c(c(OCC)c1OCC)C(C1c3c(cc4c(c3OC)OCO4)CCN1C)OC2=O
168,S(-C-C-N)-C,0.6666666666666666,3,2.647058823529412,0.2276809903491905,2.2988505747126435,ACTIVE,0.33804069186464963,91,Cn1nnnc1SCC1=C(C(=O)O)N2C(=O)[C@@H](NC(=O)[C@H](OC=O)c3ccccc3)[C@H]2SC1
169,O-C(-C-c1:c:c(:c:c:c:1)-C)=O,0.6666666666666666,3,2.627906976744186,0.4012057262857599,1.1494252873563218,ACTIVE,0.5398475641879429,10,CC[C@]12C=CCN3CC[C@@]4(c5cc([C@@]6(C(=O)OC)C[C@@H]7C[C@@H](C(C)(F)F)CN(Cc8c6[nH]c6ccccc86)C7)c(OC)cc5N(C)[C@H]4[C@@](O)(C(=O)OC)[C@@H]1OC(C)=O)[C@@H]32
170,o1:c:c(:c:c:1)-C(-c1:c:c:c(:c:c:1)-O-C)=O,1.0,3,inf,0.18766832917695445,1.1494252873563218,ACTIVE,0.2942728238573546,2,CCCCc1oc2ccc(NS(C)(=O)=O)cc2c1C(=O)c1ccc(OCCCN(CCCC)CCCC)cc1
171,n1:c(:n:c:c:c:1)-N-C,0.6666666666666666,3,2.627906976744186,0.4012057262857599,1.1494252873563218,ACTIVE,0.5398475641879429,11,COC(=O)N[C@@H](C)CNc1nccc(-c2cn(C(C)C)nc2-c2cc(Cl)cc(NS(C)(=O)=O)c2F)n1
172,N1(-C-C-N(-C-C-1)-C)-c1:c:c:c(:c:c:1)-O-C,1.0,3,inf,0.4339152119699313,0.5747126436781609,ACTIVE,0.5398475641879429,2,CC(=O)N1CCN(c2ccc(OCC3COC(Cn4ccnc4)(c4ccc(Cl)cc4Cl)O3)cc2)CC1
173,n1(:c:c(:c:c:1)-C)-C,0.8,3,5.317647058823528,0.1142561489538409,2.2988505747126435,ACTIVE,0.2942728238573546,10,COc1ccc2c(c1)c(CC(=O)OCC(=O)O)c(C)n2C(=O)c1ccc(Cl)cc1
174,N-C-C1(-O-C(-C-O-1)-C-O-C)-C,0.0,3,,1.0,0.0,ACTIVE,1.0,0,
175,N(-O)=C(-N)-c1:c:c:c(:c:c:1)-C,1.0,3,inf,0.4339152119699313,0.5747126436781609,ACTIVE,0.5398475641879429,1,CCOC(=O)CN[C@@H](C(=O)N1CC[C@H]1C(=O)NCc1ccc(/C(N)=N/O)cc1)C1CCCCC1
176,n1(:c2:n:c(:c:c:c:2:c(:c(:c:1)-C-O)=O)-N)-C,0.0,3,,1.0,0.0,ACTIVE,1.0,2,CO/N=C1\CN(c2nc3c(cc2F)c(=O)c(C(=O)O)cn3C2CC2)CC1CN
177,O1-C(-C-C(-C(-C-1-C)-O)-O-C)-O,1.0,3,inf,0.08089963062270986,1.7241379310344829,ACTIVE,0.2858453615335748,12,CO[C@H]1C[C@H](O[C@@H]2[C@@H](C)C(=O)O[C@H](C)[C@H](C)[C@H](OC(C)=O)[C@@H](C)C(=O)[C@]3(CO3)C[C@H](C)[C@H](O[C@@H]3O[C@H](C)C[C@H](N(C)C)[C@H]3OC(C)=O)[C@H]2C)O[C@@H](C)[C@@H]1OC(C)=O
178,N1-C(-C(-c:c-1)(-c1:c:c:c(:c:c:1)-O-C)-C)=O,0.0,3,,1.0,0.0,ACTIVE,1.0,0,
179,N(-c1:c:c:c(:c:c:1)-O)-C=O,1.0,3,inf,0.18766832917695445,1.1494252873563218,ACTIVE,0.2942728238573546,15,CN(C(=O)C(Cl)Cl)c1ccc(OC(=O)c2ccco2)cc1
180,o1:c(:c(:c:c:1)-C(-c1:c:c:c:c:c:1)=O)-C-C,1.0,3,inf,0.014883942775598891,2.8735632183908044,ACTIVE,0.15776979342134825,3,CCc1oc2ccccc2c1C(=O)c1cc(I)c(O)c(I)c1
181,F-c1:c(:c:c:c:c:1)-N,1.0,3,inf,0.08089963062270986,1.7241379310344829,ACTIVE,0.2858453615335748,27,COC(=O)N[C@H](C(=O)N1CCC[C@H]1c1nc2cc([C@H]3CC[C@H](c4cc5nc([C@@H]6CCCN6C(=O)[C@@H](NC(=O)OC)[C@@H](C)OC)[nH]c5cc4F)N3c3cc(F)c(N4CCC(c5ccc(F)cc5)CC4)c(F)c3)c(F)cc2[nH]1)[C@@H](C)OC
182,F-c1:c:c2:c(:n:c:c(:c:2=O)-C(-O)=O):c:c:1,1.0,3,inf,0.18766832917695445,1.1494252873563218,ACTIVE,0.2942728238573546,13,Nc1nc(-n2cc(C(=O)O)c(=O)c3cc(F)c(N4CC(O)C4)c(Cl)c32)c(F)cc1F
183,N-C-C1(-O-C(-C-O-1)-C-O)-c1:c:c:c:c:c:1,0.0,3,,1.0,0.0,ACTIVE,1.0,0,
184,N(-C(-C-C)=O)(-C-C)-C-C,0.3,3,0.5513784461152882,0.8843976987013119,1.7241379310344829,ACTIVE,1.0,79,NCCCCC(NC(=O)[C@@H]1CCCN1C(=O)[C@@H]1CSSC[C@H](N)C(=O)N[C@@H](Cc2ccc(O)cc2)C(=O)N[C@@H](Cc2ccccc2)C(=O)N[C@@H](CCC(N)=O)C(=O)N[C@@H](CC(N)=O)C(=O)N1)C(=O)NCC(N)=O
185,N1(-C-C-N-C-C-1)-c1:c:c:c(:c:c:1)-O-C-C,1.0,3,inf,0.18766832917695445,1.1494252873563218,ACTIVE,0.2942728238573546,4,CC[C@@H]([C@H](C)O)n1ncn(-c2ccc(N3CCN(c4ccc(OC[C@@H]5CO[C@@](Cn6cncn6)(c6ccc(F)cc6F)C5)cc4)CC3)cc2)c1=O
186,O-c1:c(:c:c:c(:c:1)-C(-C)=O)-O,0.0,3,,1.0,0.0,ACTIVE,1.0,2,COc1cc(C(C)=O)ccc1OCCCN1CCC(c2noc3cc(F)ccc23)CC1
187,n1(:c(:c(:c:c:1)-C=O)-C)-C-C,1.0,3,inf,0.18766832917695445,1.1494252873563218,ACTIVE,0.2942728238573546,1,CC(C)c1c(C(=O)Nc2ccccc2)c(-c2ccccc2)c(-c2ccc(F)cc2)n1CC[C@@H](O)C[C@@H](O)CC(=O)O
188,O1-C(-O-C-C-1-C-O-c1:c:c:c:c:c:1)(-C)-C,0.0,3,,1.0,0.0,ACTIVE,1.0,0,
189,O1-C-C(-c2:c-1:c:c(:c:c:2)-O)=O,1.0,3,inf,0.18766832917695445,1.1494252873563218,ACTIVE,0.2942728238573546,6,CO[C@H]1/C=C/O[C@@]2(C)Oc3c(C)c(O)c4c(O)c(cc(O)c4c3C2=O)NC(=O)/C(C)=C\C=C\[C@H](C)[C@H](O)[C@@H](C)[C@@H](O)[C@@H](C)[C@H](OC(C)=O)[C@@H]1C
190,N-c1:c:c:c(:c:c:1)-O-C-C1-O-C(-O-C-1)-C,1.0,3,inf,0.18766832917695445,1.1494252873563218,ACTIVE,0.2942728238573546,3,CCC(C)n1ncn(-c2ccc(N3CCN(c4ccc(OC[C@H]5CO[C@](Cn6cncn6)(c6ccc(Cl)cc6Cl)O5)cc4)CC3)cc2)c1=O
191,o1:c(:c(:c:c:1)-C(-C)=O)-C-C-C-C,0.0,3,,1.0,0.0,ACTIVE,1.0,0,
192,n1(:n:c:n:c:1)-C-C-C,1.0,3,inf,0.03475838401124628,2.2988505747126435,ACTIVE,0.2423939937626385,10,C[C@@H](c1nc(-c2ccc(C#N)cc2)cs1)[C@](O)(Cn1cncn1)c1cc(F)ccc1F
193,F-C(-F)-c1:c:c(:c:c:c:1)-N-C(-C(-C)-C)=O,0.75,3,3.9649122807017534,0.2193233704569265,1.7241379310344829,ACTIVE,0.334026972247618,5,CNC(=O)c1ccc(N2C(=S)N(c3ccc(C#N)c(C(F)(F)F)c3)C(=O)C2(C)C)cc1F
194,S(-N-C)(-c1:c:c:c(:c:c:1)-N)(=O)=O,1.0,3,inf,0.18766832917695445,1.1494252873563218,ACTIVE,0.2942728238573546,7,CC(=O)N(c1onc(C)c1C)S(=O)(=O)c1ccc(N)cc1
195,O-C(-C=C(-C=C-C=C(-C=C-C)-C)-C)=O,1.0,3,inf,0.4339152119699313,0.5747126436781609,ACTIVE,0.5398475641879429,3,CC1=C(/C=C/C(C)=C/C=C/C(C)=C\C(=O)O)C(C)(C)CCC1
196,O=C-c1:c:c:c(:c:c:1)-C-C,0.0,3,0.0,1.0,0.0,ACTIVE,1.0,13,CC(C)(C)c1ccc(C(=O)CCCN2CCC(OC(c3ccccc3)c3ccccc3)CC2)cc1
197,n1:n:c:c2:c:1:c:c:c:c:2,1.0,3,inf,0.18766832917695445,1.1494252873563218,ACTIVE,0.2942728238573546,6,O=C(O)COc1nn(Cc2ccccc2)c2ccccc12
198,Cl-c1:c(:c:c:c:c:1)-N,1.0,3,inf,0.03475838401124628,2.2988505747126435,ACTIVE,0.2423939937626385,21,CCCCCCCCCCCC(=O)OCN1C(=O)CCc2ccc(OCCCCN3CCN(c4cccc(Cl)c4Cl)CC3)cc21
199,S=C-N(-C-C)-C,1.0,3,inf,0.18766832917695445,1.1494252873563218,ACTIVE,0.2942728238573546,2,S=C(SSC(=S)N1CCCCC1)N1CCCCC1
200,n1(:c:c(:c(:c:c:1)=O)-C(-O)=O)-C,1.0,3,inf,0.18766832917695445,1.1494252873563218,ACTIVE,0.2942728238573546,18,CNc1ncc(-c2ccc3c(=O)c(C(=O)O)cn(C4CC4)c3c2C)cc1C
201,n1:c:n:c:c:c:1-C-C-C,1.0,3,inf,0.18766832917695445,1.1494252873563218,ACTIVE,0.2942728238573546,2,C[C@@H](c1ncncc1F)[C@](O)(Cn1cncn1)c1ccc(F)cc1F
202,n1:n:c:c:c:1-C,1.0,3,inf,0.18766832917695445,1.1494252873563218,ACTIVE,0.2942728238573546,15,C[C@H]1Oc2cc(cnc2N)-c2c(nn(C)c2C#N)CN(C)C(=O)c2ccc(F)cc21
203,O-c1:c:c:c(:c:c:1)-C(-c1:c:c:c:c:c:1)=O,1.0,3,inf,0.18766832917695445,1.1494252873563218,ACTIVE,0.2942728238573546,6,CC(C)(Oc1ccc(C(=O)c2ccc(Cl)cc2)cc1)C(=O)O
204,n1(:n:c:n:c:1)-C-C-c1:c:c:c:c:c:1,1.0,3,inf,0.08089963062270986,1.7241379310344829,ACTIVE,0.2858453615335748,8,C[C@@H](c1nc(-c2ccc(C#N)cc2)cs1)[C@](O)(Cn1cncn1)c1cc(F)ccc1F
205,O-c1:c:c:c(:c:c:1)-C(-c1:c:c:c:c:c:1)=C,1.0,3,inf,0.18766832917695445,1.1494252873563218,ACTIVE,0.2942728238573546,5,CCCCC(CC)COC(=O)C(C#N)=C(c1ccccc1)c1ccc(OC)cc1
206,s1:c(:n:c(:c:1)-C)-C,1.0,3,inf,0.4339152119699313,0.5747126436781609,ACTIVE,0.5398475641879429,5,CN1CCc2nc(C(=O)N[C@@H]3C[C@@H](C(=O)N(C)C)CC[C@@H]3NC(=O)C(=O)Nc3ccc(Cl)cn3)sc2C1
207,n1(:n:c:n(:c:1=O)-C)-C-C-C,1.0,3,inf,0.4339152119699313,0.5747126436781609,ACTIVE,0.5398475641879429,1,CCc1nn(CCCN2CCN(c3cccc(Cl)c3)CC2)c(=O)n1CCOc1ccccc1
208,n1(:c:n:c(:c:1)-N(-O)=O)-C,1.0,3,inf,0.4339152119699313,0.5747126436781609,ACTIVE,0.5398475641879429,3,C[C@]1(COc2ccc(N3CCC(Oc4ccc(OC(F)(F)F)cc4)CC3)cc2)Cn2cc([N+](=O)[O-])nc2O1
209,n1(:n:c:c:c:c:c:c:c:1)-C,1.0,3,inf,0.18766832917695445,1.1494252873563218,ACTIVE,0.2942728238573546,4,O=C(O)COc1nn(Cc2ccccc2)c2ccccc12
210,n1(:c(:n:c:c:c:1)=O)-C1-O-C(-C-C-1)-C-O,1.0,3,inf,0.03475838401124628,2.2988505747126435,ACTIVE,0.2423939937626385,13,CCc1cn([C@H]2C[C@H](O)[C@@H](CO)O2)c(=O)[nH]c1=O
211,N-c1:c(:c:c:c:c:1)-O,1.0,3,inf,0.08089963062270986,1.7241379310344829,ACTIVE,0.2858453615335748,37,CCOc1c(N)c2c(c(OCC)c1OCC)C(C1c3c(cc4c(c3OC)OCO4)CCN1C)OC2=O
212,n1(:c(:n:c:c:c:1)=O)-C1-O-C(-C(-C-1)-O)-C-O,1.0,3,inf,0.08089963062270986,1.7241379310344829,ACTIVE,0.2858453615335748,11,CCc1cn([C@H]2C[C@H](O)[C@@H](CO)O2)c(=O)[nH]c1=O
213,n1:c(:c:c:c:c:1)-N,1.0,3,inf,0.03475838401124628,2.2988505747126435,ACTIVE,0.2423939937626385,41,N#Cc1ccnc(N2C(=O)CC[C@H]2C(=O)N(c2cncc(F)c2)[C@H](C(=O)NC2CC(F)(F)C2)c2ccccc2Cl)c1
214,Cl-c1:c(:c:c:c:c:1)-N-C,1.0,3,inf,0.18766832917695445,1.1494252873563218,ACTIVE,0.2942728238573546,12,CCCCCCCCCCCC(=O)OCN1C(=O)CCc2ccc(OCCCCN3CCN(c4cccc(Cl)c4Cl)CC3)cc21
215,N1-C(-C(-c2:c-1:c:c:c:c:2)(-C)-C)=O,0.0,3,,1.0,0.0,ACTIVE,1.0,0,
216,F-c1:c:c:c(:c:c:1)-N,1.0,3,inf,0.08089963062270986,1.7241379310344829,ACTIVE,0.2858453615335748,8,COc1cc2ncnc(Nc3ccc(F)c(Cl)c3)c2cc1NC(=O)/C=C/CN1CCCCC1
217,S-c1:c:c:c(:c:c:1)-C,1.0,3,inf,0.08089963062270986,1.7241379310344829,ACTIVE,0.2858453615335748,30,CCN(CC)c1ccc(C(=C2C=CC(=[N+](CC)CC)C=C2)c2cc(O)c(S(=O)(=O)O)cc2S(=O)(=O)O)cc1
218,O=C-c1:c:c(:c:c:c:1)-C-C,0.8,3,5.317647058823528,0.1142561489538409,2.2988505747126435,ACTIVE,0.2942728238573546,19,CS(=O)(=O)c1cccc(C[C@H](NC(=O)c2c(Cl)cc3c(c2Cl)CCN(C(=O)c2ccc4ccoc4c2)C3)C(=O)O)c1
219,N-N,1.0,3,inf,1.4863150037132446e-05,7.471264367816093,ACTIVE,0.0009846836899600243,37,CCCCCCC(=O)O[C@H]1CC[C@H]2[C@@H]3CCC4=CC(=NNC(=O)C(O)(c5ccccc5)c5ccccc5)CC[C@]4(C)[C@H]3CC[C@]12C
220,N(-C-C(-O)-C-C-C)-C,0.21739130434782608,3,0.3435239973701512,0.9930836387325418,2.8735632183908044,ACTIVE,1.0,74,CC(C)(C)[C@@H]1NC(=O)O[C@@H]2CCC[C@H]2OC/C=C/C(F)(F)c2nc3ccccc3nc2O[C@@H]2C[C@@H](C(=O)N[C@]3(C(=O)NS(=O)(=O)C4(C)CC4)C[C@H]3C(F)F)N(C2)C1=O
221,F-c1:c(:c:c:c:c:1)-N1-C-C-N-C-C-1,1.0,3,inf,0.18766832917695445,1.1494252873563218,ACTIVE,0.2942728238573546,9,C[C@H]1CN(c2c(F)c(N)c3c(=O)c(C(=O)O)cn(C4CC4)c3c2F)C[C@@H](C)N1
222,N(-O)(-c1:c:c:c(:c:c:1)-N)=O,1.0,3,inf,0.08089963062270986,1.7241379310344829,ACTIVE,0.2858453615335748,7,O=C(Nc1ccc([N+](=O)[O-])cc1Cl)c1cc(Cl)ccc1O
223,N-C-C(-O-C-C)=O,0.75,3,3.9649122807017534,0.2193233704569265,1.7241379310344829,ACTIVE,0.334026972247618,32,CCOC(=O)[C@@H](N)Cc1ccc(-c2cc(O[C@H](c3ccc(Cl)cc3-n3ccc(C)n3)C(F)(F)F)nc(N)n2)cc1
224,O1-C-C(-C-C-C-1)-C,0.6666666666666666,3,2.627906976744186,0.4012057262857599,1.1494252873563218,ACTIVE,0.5398475641879429,19,CCO[C@H]1O[C@@H]2O[C@@]3(C)CC[C@H]4[C@H](C)CC[C@@H]([C@H]1C)[C@]42OO3
225,N(-C(-O-C)=O)-C(-C(-O)-C)-C-C,0.0,3,,1.0,0.0,ACTIVE,1.0,0,
226,S(-c1:c:c:c(:c:c:1)-C)-C,1.0,3,inf,0.18766832917695445,1.1494252873563218,ACTIVE,0.2942728238573546,6,Cc1cc2c(cc1S(N)(=O)=O)S(=O)(=O)CCC2
227,N#C-c1:c:c:c:c:c:1,1.0,3,inf,0.08089963062270986,1.7241379310344829,ACTIVE,0.2858453615335748,19,Cn1c(Cn2ccc(C(F)(F)F)c(Oc3cc(Cl)cc(C#N)c3)c2=O)n[nH]c1=O
228,F-C(-F)(-F)-c1:c:c(:c:c:c:1)-N-C(-C-C)=O,0.75,3,3.9649122807017534,0.2193233704569265,1.7241379310344829,ACTIVE,0.334026972247618,5,CNC(=O)c1ccc(N2C(=S)N(c3ccc(C#N)c(C(F)(F)F)c3)C(=O)C2(C)C)cc1F
229,O-c1:c2-C(-C-C-C-c:2:c:c:c:1)=O,1.0,3,inf,0.18766832917695445,1.1494252873563218,ACTIVE,0.2942728238573546,14,CN(C)c1cc(CNCC(C)(C)C)c(O)c2c1C[C@H]1C[C@H]3[C@H](N(C)C)C(=O)C(C(N)=O)C(=O)[C@@]3(O)C(=O)C1C2=O
230,O=C1-C(-C-C2-C(-C-1)-C-C-C-C-2)-C=O,1.0,3,inf,0.18766832917695445,1.1494252873563218,ACTIVE,0.2942728238573546,14,CN(C)c1cc(CNCC(C)(C)C)c(O)c2c1C[C@H]1C[C@H]3[C@H](N(C)C)C(=O)C(C(N)=O)C(=O)[C@@]3(O)C(=O)C1C2=O
231,N-c1:c:c(:c(:c:c:1)-C)-C,1.0,3,inf,0.18766832917695445,1.1494252873563218,ACTIVE,0.2942728238573546,9,CN(C)[C@@H]1C(=O)C(C(N)=O)C(=O)[C@@]2(O)C(=O)C3C(=O)c4c(O)c(NC(=O)CN5CCCC5)cc(F)c4C[C@H]3C[C@@H]12
232,O(-c1:c(:c:c:c(:c:1)-C)-C)-C-C,0.6666666666666666,3,2.647058823529412,0.2276809903491905,2.2988505747126435,ACTIVE,0.33804069186464963,14,Cc1c(C)c2c(c(C)c1O)CCC(C)(CCCC(C)CCCC(C)CCCC(C)C)O2
233,N1(-C(-N-C(-C-1=O)(-C)-C)=O)-C,0.0,3,,1.0,0.0,ACTIVE,1.0,0,
234,O1-C-C-C-C-C-C(-C-C-C-C-C-C-C-1)-C,1.0,3,inf,0.03475838401124628,2.2988505747126435,ACTIVE,0.2423939937626385,9,CO[C@H]1C[C@H](O[C@@H]2[C@@H](C)C(=O)O[C@H](C)[C@H](C)[C@H](OC(C)=O)[C@@H](C)C(=O)[C@]3(CO3)C[C@H](C)[C@H](O[C@@H]3O[C@H](C)C[C@H](N(C)C)[C@H]3OC(C)=O)[C@H]2C)O[C@@H](C)[C@@H]1OC(C)=O
235,O-c1:c(:c:c:c:c:1)-C(-O)=O,1.0,3,inf,0.18766832917695445,1.1494252873563218,ACTIVE,0.2942728238573546,22,CC(=O)Nc1ccc(OC(=O)c2ccccc2OC(C)=O)cc1
236,O1-C(-C-C-C-C-1)=O,1.0,3,inf,0.18766832917695445,1.1494252873563218,ACTIVE,0.2942728238573546,6,O=C1O[C@H](CO)[C@@H](O)[C@H](O)[C@H]1O
237,n1(:c:n:c(:c:c:1)-N)-C1-O-C(-C(-C-1)-O)-C-O,1.0,3,inf,0.18766832917695445,1.1494252873563218,ACTIVE,0.2942728238573546,3,C[N+](C)(C)CCOP(=O)([O-])OP(=O)(O)OC[C@H]1O[C@@H](n2ccc(N)nc2=O)[C@H](O)[C@@H]1O
238,n1(:c2:c(:c(:c:1)-C-C):c:c:c:c:2)-C,0.5,3,1.3063583815028899,0.6801620947627605,0.5747126436781609,ACTIVE,0.8119052032077996,6,COc1ccc2c(c1)c(CC(=O)OCC(=O)O)c(C)n2C(=O)c1ccc(Cl)cc1
239,n1:c:c:c(:c:c:1)-C(-N-N)=O,1.0,3,inf,0.08089963062270986,1.7241379310344829,ACTIVE,0.2858453615335748,2,O=C(CCNNC(=O)c1ccncc1)NCc1ccccc1
240,S(-C-C-N)-C-C,0.0,3,0.0,1.0,0.0,ACTIVE,1.0,78,Cn1nnnc1SCC1=C(C(=O)O)N2C(=O)[C@@H](NC(=O)[C@H](OC=O)c3ccccc3)[C@H]2SC1
241,N-C-C(-O)-C-N,0.5,3,1.3063583815028899,0.6801620947627605,0.5747126436781609,ACTIVE,0.8119052032077996,16,O=C(O)CN(CC(=O)O)CC(O)CN(CC(=O)O)CC(=O)O
242,N-c1:c:c:c(:c:c:1)-N,1.0,3,inf,0.08089963062270986,1.7241379310344829,ACTIVE,0.2858453615335748,24,CCN(CCO)c1ccc(/N=N/c2ncc([N+](=O)[O-])s2)c(C)c1
243,n1:c2:c(:c(:c(:c:1)-C(-O)=O)=O):c:c:c(:c:2)-N,1.0,3,inf,0.18766832917695445,1.1494252873563218,ACTIVE,0.2942728238573546,13,Nc1nc(-n2cc(C(=O)O)c(=O)c3cc(F)c(N4CC(O)C4)c(Cl)c32)c(F)cc1F
244,N(-C-C=C-C)(-C)-C,0.16666666666666666,3,0.2566473988439306,0.9680348574234582,0.5747126436781609,ACTIVE,1.0,25,COc1cc2ncnc(Nc3ccc(F)c(Cl)c3)c2cc1NC(=O)/C=C/CN1CCCCC1
245,NN,1.0,2,inf,1.4863150037132446e-05,7.471264367816093,ACTIVE,0.0009846836899600243,37,CCCCCCC(=O)O[C@H]1CC[C@H]2[C@@H]3CCC4=CC(=NNC(=O)C(O)(c5ccccc5)c5ccccc5)CC[C@]4(C)[C@H]3CC[C@]12C
246,c1ccco1,1.0,2,inf,0.00020358949287772594,5.747126436781608,ACTIVE,0.00899186926876623,19,CN(C(=O)C(Cl)Cl)c1ccc(OC(=O)c2ccco2)cc1
247,NC(=O)N,0.9166666666666666,2,15.251533742331288,0.0006321274182821177,6.321839080459771,ACTIVE,0.01675137658447612,80,O=C(Nc1cnn2ccc(N3CCC[C@@H]3c3cc(F)ccc3F)nc12)N1CC[C@H](O)C1
248,Nc1c(CC(=O))cccc1,1.0,2,inf,0.006351985679484425,3.4482758620689653,ACTIVE,0.09901624735666902,11,CC(=O)Oc1ccc(C2(c3ccc(OC(C)=O)cc3)C(=O)Nc3ccccc32)cc1
249,Nc4cccc(Cl)c4,1.0,2,inf,0.002701604035832382,4.022988505747127,ACTIVE,0.05507115919196778,35,CCCCCCCCCCCC(=O)OCN1C(=O)CCc2ccc(OCCCCN3CCN(c4cccc(Cl)c4Cl)CC3)cc21
250,C1CC1,0.7777777777777778,2,4.7155688622754495,0.03865970913896915,4.022988505747127,ACTIVE,0.2626877672263289,60,CC(C)(C)[C@@H]1NC(=O)O[C@@H]2CCC[C@H]2OC/C=C/C(F)(F)c2nc3ccccc3nc2O[C@@H]2C[C@@H](C(=O)N[C@]3(C(=O)NS(=O)(=O)C4(C)CC4)C[C@H]3C(F)F)N(C2)C1=O
251,O=C(CC)NCc1ccccc1,1.0,2,inf,0.006351985679484425,3.4482758620689653,ACTIVE,0.09901624735666902,22,N#Cc1ccnc(N2C(=O)CC[C@H]2C(=O)N(c2cncc(F)c2)[C@H](C(=O)NC2CC(F)(F)C2)c2ccccc2Cl)c1
252,O=C(OCC(O)),0.625,2,2.209072978303748,0.22833692016517845,2.8735632183908044,ACTIVE,0.33804069186464963,62,[NH]C(=O)OCC(O)COc1ccc(Cl)cc1
253,CC=C(c1ccccc1),0.6363636363636364,2,2.336826347305389,0.1436252425832566,4.022988505747127,ACTIVE,0.2942728238573546,70,CC=Cc1ccc(O)c(OC)c1
254,C(=O)Cc2ccccc2,0.4857142857142857,2,1.2572540693559802,0.3180745558204802,9.770114942528737,ACTIVE,0.4682764294023737,145,Cn1nnnc1SCC1=C(C(=O)O)N2C(=O)[C@@H](NC(=O)[C@H](OC=O)c3ccccc3)[C@H]2SC1
255,NS(=O)(=O)c2ccccc2,0.8181818181818182,2,6.136363636363638,0.010289687199704977,5.172413793103448,ACTIVE,0.14351405831167469,76,CC(=O)N(c1onc(C)c1C)S(=O)(=O)c1ccc(N)cc1
256,CCN(C)Cc1ccccc1,0.4705882352941176,2,1.1673360107095048,0.4714070328862446,4.597701149425287,ACTIVE,0.5837516996021253,93,CCOc1c(N)c2c(c(OCC)c1OCC)C(C1c3c(cc4c(c3OC)OCO4)CCN1C)OC2=O
257,CNCCNC,0.475,2,1.202457757296467,0.3486439606680393,10.919540229885056,ACTIVE,0.5076409317419254,331,CCC(C)CCCCC(=O)N[C@@H](CCN)C(=O)N[C@H](C(=O)N[C@@H](CCN)C(=O)N[C@H]1CCNC(=O)[C@H]([C@@H](C)O)NC(=O)[C@H](CCN)NC(=O)[C@H](CCN)NC(=O)[C@H](CC(C)C)NC(=O)[C@@H](Cc2ccccc2)NC(=O)[C@@H](CCN)NC1=O)[C@@H](C)O
258,Cc1cccc(N)c1,0.6875,2,2.996319018404908,0.03384444704807807,6.321839080459771,ACTIVE,0.2423939937626385,95,CCN(CCO)c1ccc(/N=N/c2ncc([N+](=O)[O-])s2)c(C)c1
259,C(CCCO)C(=O),0.4782608695652174,2,1.2091002044989776,0.4079778617314993,6.321839080459771,ACTIVE,0.5398475641879429,151,C[C@@H]1C[C@H]2[C@@H]3CCC4=CC(=O)C=C[C@]4(C)[C@@]3(F)[C@@H](O)C[C@]2(C)[C@@]1(O)C(=O)COC(=O)c1cccc(S(=O)(=O)O)c1
260,c1[nH]cncc1,0.5833333333333334,2,1.8610778443113771,0.2213782442720827,4.022988505747127,ACTIVE,0.3352299127548681,39,CCc1cn([C@H]2C[C@H](O)[C@@H](CO)O2)c(=O)[nH]c1=O
261,c1ccc(N)cc1,0.6470588235294118,2,3.0350140056022408,7.258290026847397e-06,31.60919540229885,ACTIVE,0.0009846836899600243,422,CC1(C)N=C(N)N=C(N)N1c1ccc(Cl)cc1
262,COc1ccccc1,0.52,2,1.5327160493827159,0.06228734385455316,22.41379310344828,ACTIVE,0.2858453615335748,365,C[C@]12CC[C@@H]3c4ccc(OC(=O)N(CCCl)CCCl)cc4CC[C@H]3[C@@H]1CC[C@@H]2OP(=O)(O)O
263,O=C(C)CC,0.4516129032258064,2,1.0808823529411764,0.4898556160673101,8.045977011494253,ACTIVE,0.603775526780638,195,C[C@@H]1C[C@H]2[C@@H]3CCC4=CC(=O)C=C[C@]4(C)[C@@]3(F)[C@@H](O)C[C@]2(C)[C@@]1(O)C(=O)COC(=O)c1cccc(S(=O)(=O)O)c1
264,c1ccccc1,0.4736842105263158,2,1.7769230769230768,0.007706964489630175,77.58620689655173,ACTIVE,0.11346364387511093,1400,CC1(C)N=C(N)N=C(N)N1c1ccc(Cl)cc1
